{
    "145 Saddleridge Dr NE, Calgary, AB": [
        51.1273247,
        -113.9507043
    ],
    "37 Evanspark Cir NW, Calgary, AB": [
        51.171279,
        -114.1137708
    ],
    "902 Panorama Hills Dr NW, Calgary, AB": [
        51.1562024,
        -114.084834
    ],
    "2204 17 St SW, Calgary, AB": [
        51.0178146,
        -114.103411
    ],
    "55 Mahogany Lake SE, Calgary, AB": [
        null,
        null
    ],
    "310 Legacy Village Rd SE, Calgary, AB": [
        50.8600261,
        -114.0269235
    ],
    "17 Tuscany Ridge Hts NW, Calgary, AB": [
        51.1295065,
        -114.2526649
    ],
    "44 Copperfield Blvd SE, Calgary, AB": [
        50.9135997,
        -113.9252181
    ],
    "820 Cranston Ave SE, Calgary, AB": [
        50.8761368,
        -113.9831802
    ],
    "63 Auburn Shores Landng SE, Calgary, AB": [
        50.8901296,
        -113.9548217
    ],
    "15 Sage Meadows Cir NW, Calgary, AB": [
        51.1733799,
        -114.1329157
    ],
    "4512 Bowness Rd NW, Calgary, AB": [
        51.0635683,
        -114.1493552
    ],
    "78 Chaparral Valley Dr SE, Calgary, AB": [
        50.8838709,
        -114.0151842
    ],
    "305 23 Ave SW, Calgary, AB": [
        51.0330822,
        -114.1065148
    ],
    " 1020 9 Ave SE, Calgary, AB": [
        51.04272,
        -114.0377942
    ],
    "82 Everstone Rise SW, Calgary, AB": [
        50.9071965,
        -114.1022991
    ],
    "19 Chaparral Valley Grove SE, Calgary, AB": [
        50.8826672,
        -114.0140796
    ],
    "710 2 St NW, Calgary, AB": [
        51.067909,
        -114.0674655
    ],
    "1200 Prominence Way SW, Calgary, AB": [
        51.0614875,
        -114.1745835
    ],
    "32 Copperfield Blvd SE, Calgary, AB": [
        50.9135997,
        -113.9252181
    ],
    "88 Royal Oak Grove NW, Calgary, AB": [
        51.1511623,
        -114.2320566
    ],
    "5003 Varna Dr NW, Calgary, AB": [
        null,
        null
    ],
    "45 Saddleridge Dr NE, Calgary, AB": [
        51.1273247,
        -113.9507043
    ],
    "22 Evanston Sq NW, Calgary, AB": [
        51.1727337,
        -114.1157468
    ],
    "103 Aspen Hills Blvd SW, Calgary, AB": [
        null,
        null
    ],
    "1818 12 Ave SW, Calgary, AB": [
        51.0433901,
        -114.1088556
    ],
    "672 Tuscany Ridge Hts NW, Calgary, AB": [
        51.1295065,
        -114.2526649
    ],
    "900 Cranston Ave SE, Calgary, AB": [
        50.8792267,
        -113.9759822
    ],
    "145 Saddleridge DR NE, Calgary, AB": [
        51.1273247,
        -113.9507043
    ],
    "215 Sherwood Blvd NW, Calgary, AB": [
        51.162534,
        -114.1615068
    ],
    "18 Walden Parade SE, Calgary, AB": [
        50.8678667,
        -114.0302237
    ],
    "92 Signal Hill Cir SW, Calgary, AB": [
        51.0286852,
        -114.1680129
    ],
    "3812 Centre A St NE, Calgary, AB": [
        51.0914525,
        -114.061041
    ],
    "88 Savanna Blvd NE, Calgary, AB": [
        51.1350381,
        -113.9501824
    ],
    "507 30 Ave SW, Calgary, AB": [
        51.0260708,
        -114.0743507
    ],
    "28 Nolan Hill Blvd NW, Calgary, AB": [
        51.18097,
        -114.1702526
    ],
    "16 Quarry Villas SE, Calgary, AB": [
        50.9585017,
        -114.0097863
    ],
    "75 Auburn Bay Blvd SE, Calgary, AB": [
        50.8860569,
        -113.9527498
    ],
    "21 Bridlewood Blvd SW, Calgary, AB": [
        50.9053194,
        -114.1056124
    ],
    "404 14 St NW, Calgary, AB": [
        51.1692813,
        -114.0903356
    ],
    "37 Evanston Sq NW, Calgary, AB": [
        51.1727337,
        -114.1157468
    ],
    "1401 17 Ave SW, Calgary, AB": [
        51.03757,
        -114.0934506
    ],
    "4 Skyview Ranch Rd NE, Calgary, AB": [
        51.1636365,
        -113.9614107
    ],
    "25 Cornerstone Blvd NE, Calgary, AB": [
        51.1669008,
        -113.9225578
    ],
    "14 Hawkwood Blvd NW, Calgary, AB": [
        51.1258818,
        -114.1669776
    ],
    "63 Auburn Shores Lndg SE, Calgary, AB": [
        50.8890806,
        -113.9561539
    ],
    "230 Dieppe Dr SW, Calgary, AB": [
        51.0171985,
        -114.1304981
    ],
    "19 Cityscape Blvd NE, Calgary, AB": [
        51.1472424,
        -113.9684835
    ],
    "88 Mahogany Lake SE, Calgary, AB": [
        null,
        null
    ],
    "502 30 Ave NW, Calgary, AB": [
        51.0799016,
        -114.0823559
    ],
    "33 Redstone Cir NE, Calgary, AB": [
        51.1706681,
        -113.9652478
    ],
    "1101 Cameron Ave SW, Calgary, AB": [
        51.036412,
        -114.0886801
    ],
    "73 Sherwood Blvd NW, Calgary, AB": [
        51.1624723,
        -114.1576807
    ],
    "9 Walden Grove SE, Calgary, AB": [
        50.8695425,
        -114.0292673
    ],
    "211 18 Ave SW, Calgary, AB": [
        51.0371881,
        -114.070572
    ]
}