{
    "145 Saddleridge Dr NE, Calgary, AB": [
        51.1290788,
        -113.9523766
    ],
    "37 Evanspark Cir NW, Calgary, AB": [
        51.1709416,
        -114.1104592
    ],
    "902 Panorama Hills Dr NW, Calgary, AB": [
        51.1507055,
        -114.0757437
    ],
    "2204 17 St SW, Calgary, AB": [
        51.0272201,
        -114.102089
    ],
    "55 Mahogany Lake SE, Calgary, AB": [
        null,
        null
    ],
    "310 Legacy Village Rd SE, Calgary, AB": [
        50.8600261,
        -114.0269235
    ],
    "17 Tuscany Ridge Hts NW, Calgary, AB": [
        51.1295065,
        -114.2526649
    ],
    "44 Copperfield Blvd SE, Calgary, AB": [
        50.908973,
        -113.9443881
    ],
    "820 Cranston Ave SE, Calgary, AB": [
        50.8761368,
        -113.9831802
    ],
    "63 Auburn Shores Landng SE, Calgary, AB": [
        50.8901296,
        -113.9548217
    ],
    "15 Sage Meadows Cir NW, Calgary, AB": [
        51.1733799,
        -114.1329157
    ],
    "4512 Bowness Rd NW, Calgary, AB": [
        51.0889094,
        -114.2006107
    ],
    "78 Chaparral Valley Dr SE, Calgary, AB": [
        50.8799772,
        -114.013624
    ],
    "305 23 Ave SW, Calgary, AB": [
        51.0323196,
        -114.0655936
    ],
    " 1020 9 Ave SE, Calgary, AB": [
        51.04272,
        -114.0377942
    ],
    "82 Everstone Rise SW, Calgary, AB": [
        50.9071965,
        -114.1022991
    ],
    "19 Chaparral Valley Grove SE, Calgary, AB": [
        50.8826672,
        -114.0140796
    ],
    "710 2 St NW, Calgary, AB": [
        51.0973398,
        -114.0649908
    ],
    "1200 Prominence Way SW, Calgary, AB": [
        51.0614875,
        -114.1745835
    ],
    "32 Copperfield Blvd SE, Calgary, AB": [
        50.9110208,
        -113.9368669
    ],
    "88 Royal Oak Grove NW, Calgary, AB": [
        51.1511623,
        -114.2320566
    ],
    "5003 Varna Dr NW, Calgary, AB": [
        null,
        null
    ],
    "45 Saddleridge Dr NE, Calgary, AB": [
        51.1273247,
        -113.9507043
    ],
    "22 Evanston Sq NW, Calgary, AB": [
        51.1727337,
        -114.1157468
    ],
    "103 Aspen Hills Blvd SW, Calgary, AB": [
        null,
        null
    ],
    "1818 12 Ave SW, Calgary, AB": [
        51.0426181,
        -114.1055509
    ],
    "672 Tuscany Ridge Hts NW, Calgary, AB": [
        51.1295065,
        -114.2526649
    ],
    "900 Cranston Ave SE, Calgary, AB": [
        50.8795553,
        -113.977643
    ],
    "145 Saddleridge DR NE, Calgary, AB": [
        51.1273247,
        -113.9507043
    ],
    "215 Sherwood Blvd NW, Calgary, AB": [
        51.157614,
        -114.1517815
    ],
    "18 Walden Parade SE, Calgary, AB": [
        50.8678667,
        -114.0302237
    ],
    "92 Signal Hill Cir SW, Calgary, AB": [
        51.0286852,
        -114.1680129
    ],
    "3812 Centre A St NE, Calgary, AB": [
        51.0914525,
        -114.061041
    ],
    "88 Savanna Blvd NE, Calgary, AB": [
        51.1350381,
        -113.9501824
    ],
    "507 30 Ave SW, Calgary, AB": [
        51.0260708,
        -114.0743507
    ],
    "28 Nolan Hill Blvd NW, Calgary, AB": [
        51.1734112,
        -114.1665266
    ],
    "16 Quarry Villas SE, Calgary, AB": [
        50.9585017,
        -114.0097863
    ],
    "75 Auburn Bay Blvd SE, Calgary, AB": [
        50.8860569,
        -113.9527498
    ],
    "21 Bridlewood Blvd SW, Calgary, AB": [
        50.9065367,
        -114.1056081
    ],
    "404 14 St NW, Calgary, AB": [
        51.1692813,
        -114.0903356
    ],
    "37 Evanston Sq NW, Calgary, AB": [
        51.1727337,
        -114.1157468
    ],
    "1401 17 Ave SW, Calgary, AB": [
        51.03757,
        -114.0934506
    ],
    "4 Skyview Ranch Rd NE, Calgary, AB": [
        51.1646162,
        -113.962123
    ],
    "25 Cornerstone Blvd NE, Calgary, AB": [
        51.1630759,
        -113.9380397
    ],
    "14 Hawkwood Blvd NW, Calgary, AB": [
        51.1258523,
        -114.1667891
    ],
    "63 Auburn Shores Lndg SE, Calgary, AB": [
        50.8905056,
        -113.956252
    ],
    "230 Dieppe Dr SW, Calgary, AB": [
        51.0171985,
        -114.1304981
    ],
    "19 Cityscape Blvd NE, Calgary, AB": [
        51.1471401,
        -113.9635223
    ],
    "88 Mahogany Lake SE, Calgary, AB": [
        null,
        null
    ],
    "502 30 Ave NW, Calgary, AB": [
        51.0799016,
        -114.0823559
    ],
    "33 Redstone Cir NE, Calgary, AB": [
        51.1706681,
        -113.9652478
    ],
    "1101 Cameron Ave SW, Calgary, AB": [
        51.036412,
        -114.0886801
    ],
    "73 Sherwood Blvd NW, Calgary, AB": [
        51.1624723,
        -114.1576807
    ],
    "9 Walden Grove SE, Calgary, AB": [
        50.8696366,
        -114.0292574
    ],
    "211 18 Ave SW, Calgary, AB": [
        51.0371881,
        -114.070572
    ]
}